userID,username,password
1,Humbert,xYqfiB
2,Brigida,FoLDrQtFwN59
3,Xever,tDDvsQCwE
4,Willy,nLHKVnCcFa
5,Ethe,iJnTPtMvBWWA
6,Bourke,j837q3g
7,Netta,Rx37oCL7
8,Claudine,3LgNCXKN
9,Doti,JBuHLPQ9gpQf
10,Marchelle,nSE6PE1SMX
11,Lexy,VFfRYgLmP9ib
12,Ricki,ukYd0oSH
13,Rivalee,rVetkboh
14,Sigfrid,ST9hB4M
15,Brittni,kAPO7Ogrhk
16,Morgan,BqXyugr
17,Laurena,dUwd6YYAJL
18,Glenn,4PD7gx
19,Gladi,iO4zbV18fH
20,Gabie,8Vezkq0
21,Dominique,VlEY8lsxD
22,Curtis,Y6jPat
23,Ephrayim,AFh4YrZ2Gom
24,Marijn,q05zMR
25,Ali,6AJYgGN
26,Maryellen,K0dkhlbI
27,Flemming,ALoHCYa3d1W
28,Dacy,VN7nyILQG
29,Alessandra,WxBCMye0yIQ
30,Raleigh,eNtuRBua
31,Llewellyn,l8TunpZQhO
32,Dyane,mXqWyK
33,Randell,ubonbfYspQJK
34,Shay,ImNoRA
35,Sawyere,R3OYOvLHz
36,Cart,v27gKzZ9UY
37,Fletcher,cLY5gUXucgmD
38,Valentino,71dijRa15R
39,Tessie,jAtRySJZTMk
40,Zach,9Q2NrZG
41,Heinrik,emje2OItLZ
42,Moss,5ZSSoT
43,Shoshana,p7X6NtwmLm
44,Zahara,7AoK4dO
45,Daryn,Dl1MksE8
46,Di,5mjAVt0h9e
47,Erick,sKAHkixcBHi
48,Anthia,Dcmafij
49,Benji,qHpuBOdVP
50,Jermaine,iC64oERhN
51,Martynne,0zLErFpvvE35
52,Garald,lx3cKsUH
53,Clemmie,lfCQwabuphR
54,Nichol,BftenE
55,Elonore,Qea7efT
56,Delila,1VPYJsIoBNKv
57,Ethan,PnSb39vzAf
58,Luca,FFBNAfb
59,Marrilee,60HChJN2ANj
60,Veriee,LsDn9ZX
61,Briggs,qGuOtU
62,Araldo,RxQS6Y
63,Rhodie,IdDRxuNJ
64,Braden,B72WDyh
65,Perice,eewHE73QBvs
66,Suzy,SWV5k9X
67,Rolland,s4NTQm
68,Hollie,Iy9CVtP
69,Fredric,l3wEgGmA
70,Godard,sVKYECNy
71,Lancelot,6GUamaZCPj
72,Norry,kEOR3hXiG
73,Valeda,OAKBTZf
74,Morris,Wa0iwSISzDa
75,Sophi,RAadm8e6
76,Clarisse,cUAOOZha10A
77,Roxine,bpYJl7irDCX
78,Ellie,pyVwoF
79,Gabriel,7sMN5bw
80,Sammie,AHdMFX8kl
81,Thatch,0hVnqJC
82,Prescott,ar2xvZf
83,Barris,Mysnql
84,Aurea,2t7Z0qnac9
85,Lyn,d9SEoh8i
86,Bette,hReCADbq
87,Lutero,azSVHZY65Gt3
88,Maribel,SdL8wkDRJcE
89,Natal,2c8rdFuASGg
90,Tonye,lQFbqKYJr
91,Yasmeen,iyn5AY9lTf4z
92,Whittaker,Cb5uuCFS
93,Cordy,SnnItxpfK9
94,Sterling,fzJV3yna4
95,Giles,u2PKUla
96,Delainey,pvq7D0LEnZ
97,Dyna,T9rG583oU
98,Rafaelita,jvevc0k1Y
99,Joellyn,CqE9zBQ8SOjJ
100,Lancelot,GFQTcat
