id,username,password,failed_login_attempt
104,oreucastle0,ji3td8tbnXLt,0
105,lweber1,0zHkN6CDAUy3,0
106,ecapes2,3itF2ahN,0
107,bbennallck3,CpbJnR1fgS,0
108,tkleen4,qAPfFodl9J9Y,0
109,scoates5,W4DjX2nL,0
110,another6,lSrROYM,0
111,ysouthey7,RffpdUM8,0
112,shunnicot8,QShfPd3E1RUJ,0
113,mskeggs9,B35YUwXx,0
114,sespinela,ngUDjpfUO5Q8,0
115,nmeadmoreb,5mkdMeoVYl6,0
116,jjoistc,bNe3GfPO,0
117,vadsheded,n956tWb,0
118,semsliee,2vn29jTsd,0
119,ebartosf,tjBazHjZ,0
120,vpurchaseg,M0KPAKNMc,0
121,dwebburnh,x2DHu8bAB2W6,0
122,dandrichaki,OUyiQU,0
123,lsommerj,KylSdrUAZrpu,0
124,kblacklyk,UdUknONFC3aW,0
125,ledscerl,YmQmceUjIRz,0
126,megiloffm,l3nxD1o3Yg,0
127,edavagen,F8NS5tUR1,0
128,pmoxsomo,8pYVFXc,0
129,ebutlandp,l3bvTb5oD,0
130,clangstaffq,0PSE1k,0
131,myukhninir,LfJ3Y9WDso9V,0
132,gswaines,95EmLy,0
133,pstormt,SZL3n9vTz0,0
134,nmacmarcuisu,WamQ3QYAbL,0
135,mmunnisv,rzoCivLCYCgX,0
136,vmattiacciw,gPmhAAm,0
137,grazzellx,fpJjSrFiiY,0
138,fhotsony,YmheKx,0
139,cyesichevz,cFfUGTnW,0
140,flife10,ieItqBSPOsK4,0
141,edullard11,qHUrYJG1q,0
142,mskough12,U5jborSUDqxk,0
143,chaccleton13,A0ZR3ygeZO73,0
144,vdebernardis14,9evbrKFg,0
145,selsmere15,TZk7zhz,0
146,ctrevaskus16,3CI8DJ,0
147,rkort17,J9Ubj536,0
148,mphelips18,tw1jDxsw,0
149,bpuddle19,aK6QT3,0
150,lkorlat1a,H8svuKo,0
151,fgallihawk1b,13UtFeaH,0
152,emartschik1c,9vWYcZQDPG,0
153,aeginton1d,eyx40Zaub8,0
154,rlaver1e,7dQAnlAq8GZ,0
155,ltiler1f,XKxlGD,0
156,cgenever1g,6MklCrM,0
157,acroutear1h,Ijofu0oV,0
158,kiacovo1i,uY3Obf,0
159,gmitchley1j,hUPn4e8Aa,0
160,dsimms1k,ck5nay0,0
161,jchazotte1l,t3ECuWIpt,0
162,agremain1m,izc3uqjciEu,0
163,sflaubert1n,ywy4b5o,0
164,cben1o,e0VyBhqATL,0
165,breis1p,HXgoEo,0
166,bneilly1q,hdIT1hbmyz,0
167,jvelareal1r,mTY7rzKUXuU,0
168,cheditch1s,7otjKI,0
169,aprestney1t,XjYmPU2,0
170,osare1u,o67zAjzx,0
171,aashlee1v,KiLPGKY3,0
172,csorel1w,z6p7XI3o,0
173,wstoke1x,XsoEKcFX,0
174,nnuzzti1y,6lwtWj1,0
175,mbrend1z,f3MzNlBL92h,0
176,pfargie20,cezNpJYAU8,0
177,kbacchus21,LNemHqfpYvRm,0
178,pallom22,NMxu7R,0
179,kyeomans23,ey5OmVWqAWo,0
180,smertin24,PYQ3rUbtCV,0
181,poolahan25,zoARFNzHT,0
182,daberdein26,hXcsyQMp15Qb,0
183,lharce27,TLfexFnnnfDO,0
184,hbillson28,U0ija7I,0
185,hblakeston29,I8wadl0Zx,0
186,agoldney2a,CwiBVQ,0
187,lberrigan2b,30xvEHNn3200,0
188,ppallister2c,RVnTUIliC,0
189,bgohier2d,6daYOzm9KsK,0
190,gmcbayne2e,SOZ0oDDcd41,0
191,zkasting2f,PGCEXvOOHo,0
192,jdeverson2g,NAGSwj,0
193,ncrudge2h,tqnQtEeLH,0
194,peakley2i,7GLct67RxTp,0
195,jbonaire2j,0W7gy6d,0
196,ggristhwaite2k,YfvtCHnt,0
197,dhankinson2l,Hmq6pRec9n,0
198,pegell2m,a4mNFotZl,0
199,mscreach2n,6cqkhgN1,0
200,dwhates2o,rY5DmS,0
201,abuckbee2p,mSliAqtjgFty,0
202,cschaumann2q,RiyuNHY8i6rU,0
203,agowthorpe2r,7X5jtO7VzPKM,0
204,mjustis2s,aqgR1kwS0OnV,0
205,slourenco2t,0ktJ9Epabqn,0
206,whalls2u,e0vAnZHL,0
207,adrogan2v,E3emeIE,0
208,hsykes2w,bLDEA01BMVKM,0
209,hbeckley2x,3zZnr25Cg7b9,0
210,gheersma2y,PILSNGsl7,0
211,gtozer2z,GygkDemB,0
212,sjansson30,2DCXtzdoNm,0
213,lmacpake31,Gt9wAjRx,0
214,asprowles32,SeWuc1tC1,0
215,hsasser33,D4ppyBm6nIlq,0
216,magius34,ipd3FK17,0
217,vjannequin35,Gj7gGWF9tO,0
218,jharcourt36,i7qAATuVgX2,0
219,dfausch37,uHdjqA4IQ,0
220,gfrid38,AtiLm6zzkh,0
221,gbunting39,6iC10Gt72Z,0
222,kluna3a,sLC8UN,0
223,cbrannan3b,0thMfb,0
224,lnolton3c,G35HexNn7D1e,0
225,alipprose3d,7uOtdfiqvtz,0
226,ataunton3e,I2IYHs,0
227,ninett3f,ikiIKgUPbR,0
228,wdrinkel3g,XY7NnYGH,0
229,bmoorman3h,MomfIf1Ka4P,0
230,jbunson3i,XJ7zXpMCRRfF,0
231,abrissard3j,75W5CY,0
232,dalywin3k,3ZT1wlYh,0
233,acarreck3l,PiNEpb5,0
234,gconws3m,MjVVw0qOezKY,0
235,edigman3n,i46JluVxS,0
236,jcaldeyroux3o,oRwazEdkghEq,0
237,gputland3p,2gfDSu9uB4,0
238,pbrahmer3q,XUOa72WBOl,0
239,hmateuszczyk3r,2ClsaEioD4mV,0
240,tesser3s,WDF011,0
241,acastagnone3t,hD7OaUax9,0
242,lflucker3u,PxOvOWKvyN9D,0
243,lmerigeau3v,UEk6M0Qwl,0
244,dbasset3w,EJPwhegKs,0
245,roneal3x,PfDX1a,0
246,cavrasin3y,cdEJ6sG,0
247,spopescu3z,sry4Ma,0
248,hshimmans40,yKelyeTWNmH,0
249,acullimore41,wX8dkCyJ,0
250,wgilford42,RtPVsiZ,0
251,mmattacks43,NKHjBvqd,0
252,kspadelli44,yF1SETFv,0
253,ggeydon45,BgRzfAF,0
254,cropkins46,NYLFbXq,0
255,abourdon47,m33mgfAdqEo,0
256,cwayne48,YPCfUSsGgLkR,0
257,otogher49,X9tDrn,0
258,btrembley4a,3F9VGXqcv,0
259,eapark4b,pnD1j25OhaV,0
260,kbarraclough4c,Eorpx43DZ,0
261,lshaudfurth4d,nVzmxB1r,0
262,jradnedge4e,M3c3U9Axmni,0
263,abisacre4f,fZPYPhCd58,0
264,dscreeton4g,HpHISXLEEtj,0
265,dsandes4h,vUxKCVGn,0
266,oroizn4i,rNUBQP,0
267,pdessent4j,Na2amSrr5b9D,0
268,llernihan4k,YwbxHmW,0
269,tdumbrill4l,bcKsf6gJ3O,0
270,lkynman4m,SoHHCsG,0
271,alatey4n,BbctgIm2kyDU,0
272,mburkhill4o,5gSCSl3,0
273,dgeri4p,1Zjr1gmEm,0
274,ecumberland4q,HsiPF0Z,0
275,imcgrory4r,saccqIlRFXnG,0
276,jrobottham4s,pJVeLl0xhHCP,0
277,fkinney4t,g1BmX8humC,0
278,aarchley4u,nxziv95,0
279,abartolomeoni4v,jF0exCoJRw,0
280,rfitzhenry4w,PMLMwcTyvcaU,0
281,swalewicz4x,nuDDQDWIF3RA,0
282,sjermyn4y,nCek29,0
283,rcaldero4z,mCbj98,0
284,cpetow50,LmRPrD,0
285,side51,HZcj3MhjeKK,0
286,dantill52,CbZVZCs,0
287,rblenkiron53,eIZ52lxRw,0
288,kcomelini54,9aHFMW8uhWnO,0
289,gheyburn55,I3gwKmO,0
290,estonnell56,ubZzArtTDfi7,0
291,tnice57,LoTB3UrfSkC,0
292,bsweedland58,hemGCTS9o3y,0
293,rkitteringham59,q1ipJWkk83Sw,0
294,adoers5a,sFFg4196wu,0
295,frolph5b,51YbyAv27oNS,0
296,ngillani5c,f00d88oyG,0
297,bhawkings5d,cU0qqIx2,0
298,sbhatia5e,pmMJ4m6,0
299,valdersey5f,A056PtXq,0
300,vtitchen5g,HX5vicM8X,0
301,adawes5h,X2bjXUFyC,0
302,hvandermark5i,hP2vvjAtFSd,0
303,rhub5j,BIB0kh0,0
304,rkimbley5k,GSRZ27qG,0
305,cschuricke5l,heuUVL15fk0r,0
306,tgarm5m,Hha2Akyc0nuS,0
307,kdrayson5n,feb4xGm5wGMX,0
308,theggadon5o,OxkqwlhQl,0
309,boswal5p,mqga6p7Hl9Oa,0
310,mmungin5q,hsvcaaxz,0
311,ftrevaskis5r,vFpDMvs,0
312,wricco5s,LCo4CY,0
313,rhaggerwood5t,L2YKizqI,0
314,freeday5u,BTwXbJsc8,0
315,mcosta5v,zCOKQj,0
316,cmapletoft5w,2M1jJGzKTzJ,0
317,pboggon5x,cIKOv540,0
318,sservante5y,O4BqaIWyWZML,0
319,wmiltonwhite5z,s4rtAW69s8Sw,0
320,nforan60,b7b8xRlGO,0
321,ldaniele61,Y7qYsM6q,0
322,lbengefield62,IzTHXME3p,0
323,dpetrenko63,BuFISb,0
324,ltredwell64,LEfrU5YT3S4e,0
325,dfallows65,Yj19DF3,0
326,rmilhench66,Dpzc3Hx,0
327,abullion67,S1VaaXoB,0
328,dbyass68,zLzL7hWu,0
329,ksussems69,t8mthXTRO,0
330,kfranciskiewicz6a,UaakAzUD72,0
331,bhonack6b,a31szbgh,0
332,lvenneur6c,WZoJztbH,0
333,lheinzel6d,9Ry6lqas,0
334,ktuiller6e,baBIhSCpzo4O,0
335,apenas6f,SnnlW19o2vZ,0
336,mkornousek6g,HSxnWVrDvoiV,0
337,swickwarth6h,bTdU65C,0
338,crhodes6i,CXCVLvnGUg,0
339,rscruby6j,M4R10MT,0
340,ctinghill6k,Sx0FiH,0
341,aleversha6l,Ft46A2UnM9n,0
342,fferrie6m,ojzIsbiy,0
343,afligg6n,HnBiUYxXUYdo,0
344,mrupert6o,6k7itK5qjy2F,0
345,dyegorkov6p,0DVMyLuFVn,0
346,kbeurich6q,0EBp8P06,0
347,slantiffe6r,q4wrnDj4,0
348,tquilleash6s,L3eho8,0
349,rackwood6t,c44pujaAG,0
350,khurd6u,IASOiGYMTms,0
351,gpilgram6v,PQCsdGYS1Q7,0
352,kemlyn6w,konI1I7eH,0
353,jmcmurdo6x,WxRcIc8Fjddp,0
354,bmoorcraft6y,7dacDu6DbE,0
355,bhillum6z,OVtxTUm5ci3,0
356,nlerohan70,Rmz4wB,0
357,shawken71,wLKj8Ffa3drF,0
358,atregunna72,8snQby,0
359,eriddler73,t4XmpxQ,0
360,rbrideoke74,HBiUFHQPo5,0
361,pmurray75,B2wHcYUOzsV,0
362,khowford76,E6is5lA,0
363,bhurran77,dFjhEKF3cs,0
364,hfaithorn78,8EI0rRFvIfff,0
365,jpulbrook79,mO7t53gopRyj,0
366,adjorvic7a,6XXn6Gyun8,0
367,lcicconetti7b,DCS2qByOUG,0
368,rdehm7c,SQ2QypTE1rY1,0
369,dmeach7d,vSCw2DDc5,0
370,bkinlock7e,xfchNtp,0
371,nbenaharon7f,SH6zfSzRD2e,0
372,hdurdle7g,gJq9Xf2QScIK,0
373,cmariot7h,rNqkXuZb3rm,0
374,escowcraft7i,0QnhbxU6,0
375,dodcroft7j,KJHHsSLMgZAF,0
376,llivoir7k,h8xKosGgVhCN,0
377,hhowell7l,SwqjdEwk,0
378,sambroziak7m,OuPsl9AybQ,0
379,ebridewell7n,xXuVrKvjsa,0
380,eheaviside7o,hCMfuvl,0
381,ceixenberger7p,vnyEfM0g3H6d,0
382,vhiscocks7q,P5gCvfnKC,0
383,swomack7r,NOx5cNWj,0
384,swearing7s,a6JS4AM5,0
385,jblackler7t,JNhBCuLRdz,0
386,zwarcup7u,VnRELjf3hPr,0
387,gpeggram7v,jZBZKWJOri,0
388,lskirrow7w,rWAijf3NP,0
389,colsen7x,fvXBXr,0
390,eclausewitz7y,l6ZqoUndOet,0
391,bmassie7z,5dGpPmHvW6s,0
392,aeasseby80,gytQO6,0
393,abridat81,mS92XfkH,0
394,fbisco82,3wtG3SA11e,0
395,dmaylard83,h6kkQgSna,0
396,aweddell84,J6HhPPpvGcP,0
397,djohnsee85,a2l4WkQJ5oI,0
398,kmcilenna86,996jLt,0
399,dbygraves87,TcRbMQl,0
400,ebergstram88,h7Y7TZ,0
401,sbrende89,Kt39sUDcoc,0
402,mvarney8a,zt9wTcccD,0
403,wrockhall8b,GWfO3YGB,0
404,gspillard8c,fvc5j7wEqfnz,0
405,glissandri8d,qXTH8K8IrG,0
406,fbrazil8e,gnxDnxc9,0
407,ccredland8f,KMIjVJWiZ,0
408,ckorneichuk8g,niLOjMU6ugi,0
409,vsturch8h,O1yWCMarI,0
410,cwoolway8i,ZHDcqF,0
411,mgresser8j,r35itTAJO8k,0
412,ischiesterl8k,Gg4UHw9,0
413,crootes8l,uliZNKVe,0
414,cstucke8m,lqNHRhAB,0
415,bsurfleet8n,Iwxky4ss,0
416,vshakle8o,ufpOuZK5i,0
417,sgobeau8p,m7twLv7BT,0
418,gtaysbil8q,siCKpJ7UYbS,0
419,kcrowley8r,pI1iNX,0
420,ewallsam8s,9OMwiwQQM,0
421,lmcvie8t,3Ucczb1NCX1,0
422,kkeohane8u,UnvGnh2znm1,0
423,lmarchelli8v,DoVEDdRgP,0
424,rpaolicchi8w,O2L7X69cOqyF,0
425,cschachter8x,0LAY6ZNFXa9,0
426,wtalman8y,tbLOMFfgCh,0
427,cyurov8z,6BlSbzqo,0
428,dlaba90,ySoeo6EVOUh,0
429,jbussen91,8lWXnWtZ,0
430,tdivell92,k6UQh8V,0
431,rshird93,UsawRK5,0
432,ahimsworth94,ITkHNl,0
433,cdron95,l4Ow1xzSM,0
434,jdrogan96,YnuvRktLg,0
435,jlighten97,MXKwhSlauA1,0
436,cmoreinu98,7NRYswsi,0
437,vbradnocke99,bxgKT8,0
438,ttytler9a,tL6Y6bmgEB,0
439,smirando9b,JHdwbNyJ,0
440,edarte9c,jrnwJQIqWg,0
441,ncestard9d,g2ZR4J,0
442,agong9e,dveWp9LBhSAp,0
443,stregenna9f,2BhSIo,0
444,dstockey9g,CjXj7ynKx11,0
445,kfaircliff9h,arB3x0uAgcJ,0
446,jyerby9i,tZG9xbk8PYM,0
447,cwaterland9j,PfKZ5gMvvPj,0
448,glorenzin9k,N6SanU,0
449,gcabble9l,P28K4tO38,0
450,ameiningen9m,Gv0hbme,0
451,bpetrovsky9n,KbxXC5HMY,0
452,gnewlands9o,UFxqtx5zv9K,0
453,rcaroli9p,5nCnwI,0
454,iioannidis9q,erTF8DbzvVA,0
455,twellbank9r,z7mKttXD9,0
456,dosmant9s,VL0PjNoD,0
457,kbriers9t,kFQlUv,0
458,epacheco9u,1CE0tK5,0
459,sneil9v,eLHVkxPsv,0
460,chainey9w,pIlbGMSWVM,0
461,aewell9x,WjB0rFKyXL,0
462,khenrion9y,wCkzra4is2,0
463,ahaveline9z,JbdZjP2,0
464,avargaa0,hxtHZ3m4,0
465,tpooltona1,vG67LCT,0
466,housleya2,bi0ow5SRY5,0
467,msalmonia3,q1A8Pqe,0
468,rvedeneeva4,8i6WVPYq,0
469,ycooksleya5,3n3laFN5V9wq,0
470,dwassona6,f1LTqP,0
471,llehouxa7,JZV0w25NSEr,0
472,rsandysa8,6ys6kq2f,0
473,mbunkera9,BKcWtI,0
474,fwinklessaa,uSeLgT,0
475,sbelshawab,4W5Uigg,0
476,bbodimeadeac,9JbMNL,0
477,glesterad,WouxpYW,0
478,wsatterthwaiteae,nGiUUox,0
479,tfakeaf,QjB646vll,0
480,jgeorgeouag,gUCxGidK,0
481,estainsonah,J7HyWDwIlS7,0
482,cgrimblebyai,PgGSp2H,0
483,bnooreaj,TgVZ7r,0
484,dboverak,rldQ1l383REO,0
485,nbrandsenal,f8jqJL,0
486,mfrieseam,zil6b9iIYm,0
487,dnenoan,1ZyZcOq8OZ,0
488,nmaturaao,Pa185sT,0
489,nrobusap,7OKaoP,0
490,ebottenaq,0c03RQdwUqP,0
491,dciobutaroar,p9uEcqNSuaM,0
492,wwalsheas,OefU6txVl5,0
493,ntheussat,7jIqDBj,0
494,aantramau,MSqsGQudI,0
495,swittonav,3XitLm,0
496,mspainaw,GrVopRgK6J,0
497,rgorceax,VUOiN9D,0
498,aocleryay,G3MPL7PIyU,0
499,soadesaz,48QOFf,0
500,lbenduhnb0,g1hQTtX507Vs,0
501,cpiscullib1,UgLAbY,0
502,amaddoxb2,UgbhcUQLHgbb,0
503,hpagenb3,pf5Vnoj,0
504,drichardsonb4,bRnbZoI,0
505,vbuxamb5,5R4Sbxs,0
506,aspatarib6,thExiKHY,0
507,iblacktinb7,MYNj2ji,0
508,stomasianb8,8ZD9yI7YIV,0
509,etabartb9,eFaI9R8,0
510,lsimperba,yS1Ua154wuX,0
511,mdeversbb,B48XMV6s0FUI,0
512,cthurlingbc,RwGXniR2,0
513,inultybd,5AjDHCAQj,0
514,sheffordbe,drejAL,0
515,njasperbf,xNSa7rw,0
516,ffirbanksbg,DMj2KN5e6,0
517,fboydlebh,huBkGY4Qf,0
518,fklainbi,hqKxZ34WJTAH,0
519,tkielybj,ApbmAwuZqPwd,0
520,imaudsleybk,cWiw36q,0
521,gguillfordbl,toHs8jC,0
522,mgundabm,NSmJ96IO,0
523,bhilbournebn,AJRDo04Ejofg,0
524,lcashenbo,6OLFhCGa4,0
525,mdowngatebp,VgQ737T0rFgF,0
526,aegglebq,EBdqzDU,0
527,rablittbr,teXJ90pCXYTl,0
528,ftruelovebs,20R0IE,0
529,ktoxellbt,rJkwZQ5C3jR6,0
530,zhalebu,NZL3XePBiLK7,0
531,tinkinbv,x5BmsHV,0
532,lbernardybw,xaO1zJGhW,0
533,napplebx,nWfqPrNH,0
534,efernezby,a4GZJnVhgGF,0
535,dwhitefootbz,tmGGAWnx,0
536,ebeabyc0,CDbppWR,0
537,fepdellc1,wbccXHr,0
538,rprevettc2,A4mTwt,0
539,dboshersc3,6sJx6dWbJn,0
540,nmarkovac4,g2XyZsEZW9sv,0
541,pkingstnec5,mAqwLMtH,0
542,wscarisbrickc6,LDZwljLcOWZ,0
543,elobbc7,k3wGwuB,0
544,yattwoollc8,iw3AsjmrTFo,0
545,rjayec9,XkWY3OLJLT8,0
546,cmordeyca,NH2eVs,0
547,lgillercb,d7vyUer,0
548,sfanticc,zMZEwX,0
549,rvazcd,w97XvUUxo,0
550,cwindhamce,2JCguPl,0
551,bborzonecf,DuRdfZOC,0
552,levemycg,xQB9VeEYTuO,0
553,achazottech,xw3kCNeaUdJ,0
554,jkarlssonci,Ii7n9wOdOrT,0
555,gplewmancj,L5GqFswxFYX,0
556,hmcaviyck,QVIWaSpEFpZ,0
557,vcrowthcl,JZoYhfNzsC,0
558,gpowleycm,E7jXKF68v7,0
559,kdomicocn,KZkWUMU,0
560,lspurrierco,OFEMuIf1sP,0
561,bdelahaycp,gjjVnYzGs,0
562,npaolocq,HGF6N5LYo6Y,0
563,imacquarriecr,tn0DKbV,0
564,hcanteracs,jvWJ26,0
565,rwisherct,35BaTluyR,0
566,gallflattcu,Nml6cnAk,0
567,tguillotoncv,sdtXw2MpoeY,0
568,ssyddoncw,39DgypBhc,0
569,btapincx,ITvlyp,0
570,pbrumbycy,4WYtzNxuldOI,0
571,wposkittcz,smfK9n,0
572,smalshingerd0,Fcz8uCd,0
573,ccellonid1,6UtAZKWWeo57,0
574,blowdianed2,mELPbFr6onRW,0
575,jfargied3,d8zfM5z,0
576,eslemmingd4,2RH1kF1bkyhS,0
577,hrosboroughd5,ZkcHs030Esi,0
578,cdarthd6,pCJ6cuFFzVd8,0
579,fdevineyd7,QLsHLvt2x2,0
580,vtolefreed8,qqh1OD6VtA,0
581,dmellerd9,RvBwHoU9We,0
582,mtrenbayda,n570Y6,0
583,bfintophdb,g1gMPScjGHPO,0
584,jflowerdc,Sq2lNeF2,0
585,lneillansdd,rw1YBaB4Z2KR,0
586,ggreensetde,YIGMD5rHeCK,0
587,jorhtmanndf,FGD94Tlj,0
588,cquarlesdg,qAf5LlOwbj0,0
589,nsplaindh,bxxi4x3,0
590,lberzendi,boGxvi6Sx8d,0
591,ocutforddj,7RfHkM,0
592,apagramdk,Mh7SislisLsm,0
593,jmccloughendl,W7cX0wRW,0
594,brummingsdm,APCh29xUx,0
595,amesantdn,0VGCnpuyWk,0
596,dwalentynowiczdo,InBgLf,0
597,nmencodp,C2CtL3Uo,0
598,gflemingdq,qGRoscr,0
599,vhinchcliffedr,ewXb1aMD,0
600,skrysiakds,u0R32F,0
601,eallansdt,3i03zPShKBeq,0
602,lsimmendu,PYJIFovhrF7J,0
603,lpeartreedv,sPT5I24b,0
604,btreneerdw,aHyZJezHPGN9,0
605,jgillcristdx,H8SmCs0E,0
606,cphillimoredy,Dd5kUapiAM3m,0
607,peaglendz,KdvGY7y,0
608,ebradbeere0,Ob7Xj5AnowZW,0
609,nbrizlande1,wFcc83PUCP,0
610,tdowde2,FGBafZjBL,0
611,blovee3,83V1FAhZ4V,0
612,bswetmoree4,CKkRSh0B,0
613,ghuberte5,Ic2dg4JwEn,0
614,blyfielde6,WXLjcU,0
615,skilleleae7,ECGulZS9JuLl,0
616,kledgertone8,KJOkFh,0
617,sdepaepee9,8Xu4u1Zc8U,0
618,lvongladbachea,YFRYppH4ZV,0
619,rdionisieb,42lBxLb,0
620,kwalteringec,DGcY5LrG,0
621,dhaytoed,HKY55F48K,0
622,cwhiffee,8TE3BHPj3B,0
623,ptampenef,KXTUYNOvVI6,0
624,lkieldeg,l3w5dAxt,0
625,hgoodeneh,2pyBMC4TNdQ,0
626,dclynmanei,Iijmiu9YB,0
627,gsweetnamej,ln7IxuLWjao,0
628,mkrolikek,lAaoiHt,0
629,fsichel,JmZnbZ2W,0
630,cocoskerryem,3G8K4mu,0
631,arummeryen,PUQMYdtAjEHC,0
632,bvenardeo,77XMmyLn2kh,0
633,ebloschkeep,qoPmW5kRf4E,0
634,tcastlakeeq,I3DwfAAPFVud,0
635,bmerrgener,5Q4G0Iqcn,0
636,svaggeses,wSSPDyr,0
637,amaccrackanet,InSrG3EbFX,0
638,adelunaeu,c4uRZqHemtES,0
639,agooddingev,wCv2NbrTLjk,0
640,lfauxew,ZzftB5Akk7wt,0
641,kmichieliex,vIAF5v,0
642,lcoplandey,ruDmz3tOQB4g,0
643,behratez,Vp2cgYHom,0
644,leayrsf0,pINL7y,0
645,hdrieuf1,630cIkCh,0
646,mcellonef2,zGUzMTHV,0
647,cseckomf3,uPNxIsfUxU,0
648,dwildsmithf4,vmTF8ti6j,0
649,twalheddf5,iSv23b,0
650,mpeoplesf6,6Wu0UmGWVme7,0
651,gwoodhallf7,qY5jO5X,0
652,elongstreethf8,8s8o23jN9oS1,0
653,blovartf9,Zpfg7N4eV,0
654,nreignoldsfa,9xSxCXH,0
655,rroneyfb,uLkRjEOc,0
656,bsaxelbyfc,5B5NwlPbuDS,0
657,rkaretfd,9AJfPP,0
658,qscarrottfe,W9PXq4x14RBj,0
659,hhaddacksff,kDoX4QW,0
660,sgrimleyfg,sY4QAPlBisc,0
661,dmckeurtanfh,BwUmrVCK2,0
662,mrobersonfi,4IFKG5,0
663,fpindarfj,xtETqwBq7,0
664,relderbrantfk,SE7oqooJ,0
665,ahufffl,moLvdw,0
666,jsancroftfm,GGa4aBhkh,0
667,igrimsdellfn,OJkMMdO,0
668,epurtonfo,7fzNxxzjE,0
669,astangoefp,e8DzqPo,0
670,ewickhamfq,6DJkM989s,0
671,jleathlayfr,DoWW6Eb0xaYP,0
672,riddendenfs,EXd19bk,0
673,lmedcraftft,SpDe17umH,0
674,kpotburyfu,6yYneo,0
675,pshapterfv,AhBsqCm,0
676,jmerringtonfw,kt66DaUXm,0
677,bandellfx,KGXfd7J7,0
678,dligertonfy,V5kjfjGPXrpP,0
679,rferschkefz,lHufGgb,0
680,rgreensallg0,bFrvXmY,0
681,alawleffg1,ZRgAyNN,0
682,pburkittg2,m94uQxisW,0
683,nklugmang3,g8kGQ4G,0
684,fbrislaneg4,pfnX9yKnI,0
685,aaldieg5,szz49af0V9rd,0
686,bwitterg6,KjF4a0et0AIe,0
687,sweavingg7,XwthvEt6,0
688,srathkeg8,Ncewh9iSp5,0
689,jagrong9,H1Z8vqKUOlA1,0
690,mrisingga,QvHJTc1nO,0
691,amehewgb,OecjR4,0
692,agimbrettgc,t8ANtr4r,0
693,bdinniesgd,F6yahL9QIjS,0
694,agilmorege,UeaQbh,0
695,calmondgf,CoOWUc,0
696,gheintzgg,JKblaW,0
697,gsenettgh,VrUXcK,0
698,obartodgi,1GzXIb5a,0
699,lhouldcroftgj,ZUqc9Dfl,0
700,mcasseygk,R7eoloP37PXZ,0
701,lsloyangl,FTwL2NWx,0
702,chaglintongm,fkPu5ixL,0
703,pdomnineygn,rYen0dkLa,0
704,kcolquhoungo,zeSvtAgQWq3,0
705,lbasantgp,8zMuUW,0
706,cpallantgq,fdwHCBdD,0
707,malflattgr,PRhyFk,0
708,bcrinagegs,3nJEu8uVOYbx,0
709,tmaplestonegt,1xuiKTvz,0
710,kpetheridgegu,kfPU8pT,0
711,kgaineofenglandgv,xTgRvXkFA,0
712,kkindongw,pWd5lsPZ0SGm,0
713,kklichergx,avPfGS105,0
714,mbritnergy,fg2vWUaH,0
715,korrahgz,gtXK9nCadMo,0
716,akrugh0,RUfuS74,0
717,adanigelh1,dcNyIOTQ,0
718,avankeevh2,FjJSG9,0
719,ncaliforniah3,l6yeM4XvKh9,0
720,wjeduchh4,rOblrCjycQNF,0
721,lbampfordh5,bbm8qTyO,0
722,dsparkwellh6,BQUZHsZO,0
723,ecottemh7,00GBGnNb1yU,0
724,nmcandieh8,nNuTl3wbMZ,0
725,psolesburyh9,An43ErVdOauX,0
726,tdevenportha,ORKiQxAk7p1a,0
727,scruickshankshb,zdeWG0,0
728,bgipphc,irz6P2m6Y,0
729,rconehd,g3Axo1He,0
730,jposkitthe,lnJQSR1Urn,0
731,smaplesdenhf,WbvodopvjNmO,0
732,landreiahg,4In2POdsPMV,0
733,rsurgenerhh,WS38B5IfE,0
734,kcalabryhi,inKwG4IYSWIx,0
735,teatockhj,9HIrarP,0
736,adellarhk,BFzPs5kr4,0
737,osirmondhl,LAw78LxUM9cC,0
738,rbillingsleyhm,R8xgvL21uB,0
739,kborkinhn,67aXQb,0
740,gwetwoodho,Lg0D9A7,0
741,cbonninhp,Y0KgPc3R,0
742,cfachehq,pb5blkgJcfp,0
743,ctowershr,qNOXzhY,0
744,qgreasonhs,84DtA2LeZ0,0
745,clarcombeht,Z3sXQY2NY,0
746,sbownasshu,ZontHA,0
747,ameatonhv,ltqIw0,0
748,bhobbinghw,qvkqC2unr,0
749,elemeriehx,AfZY7azL8j2,0
750,kwainmanhy,SsIirX,0
751,seeleshz,eaArm7k,0
752,csellori0,MfAGOt,0
753,ogerrani1,nXTbRlJjrAg5,0
754,gnipperi2,8Y2DfZRi,0
755,ypefferi3,oBITzrZWWe,0
756,charteleyi4,cHPSb0cKSh,0
757,hroadknighti5,8nil0S,0
758,rfraginoi6,pzyUPJYwK,0
759,lbalsdonei7,07qSszNr,0
760,bpappii8,YgqA9U9U,0
761,layresi9,CsktXW,0
762,mcurzonia,XB4aWJ4SOV,0
763,tbridgementib,ZwjeqTSl,0
764,jschimoniic,H2bLLF4IVJ,0
765,kmelroseid,bcnNScW259,0
766,dmarkhamie,Wr3JqlSgD,0
767,csprowellif,FODSCe4mXrKt,0
768,jbaldrickig,6AiwdMCC,0
769,eswainsih,blCVfk3vGT,0
770,lzoppieii,zFCphaK,0
771,dbentzij,aNrUrkC,0
772,grobkeik,iLmPeYejg,0
773,lantonognoliil,jG3fFds,0
774,ffranzottoim,iMv1GaOvI,0
775,sshyrein,rySctZIuc,0
776,dcorcoranio,YIGKLkiw,0
777,frothchildip,RYNjCa,0
778,ehartmaniq,ds9LtB,0
779,mtusonir,IxKn6XIL8zn,0
780,ptumais,MXhum3A,0
781,sstariesit,xX4vMSo2,0
782,mhayleiu,ZUaosYx,0
783,adaddiv,SC5ZH5dgx,0
784,redesoniw,FuCu7eFjJCGu,0
785,dburburyix,9ZR8MMo,0
786,akebbelliy,1NGaZJFR4lv,0
787,halsobrookiz,cC5EGE,0
788,tmarvalj0,dO79nFptegi,0
789,bashenhurstj1,iDURFsPGYnJu,0
790,tbowickj2,gxOPwNGv9NaL,0
791,bvearsj3,jJy5L03A,0
792,gcowupj4,zjVRg7,0
793,kvearncombj5,UZrAYcTE,0
794,jclampej6,z0yJ8scz,0
795,tmcgibbonj7,INMcCcKi1,0
796,scrankj8,YdUKVlWP,0
797,lhellewellj9,C7O4xQF,0
798,rdimeloeja,xkWA0Oc5Gvg,0
799,lpavolillojb,eGPxP9MlO,0
800,jhardwarejc,TDZTU0LUU5,0
801,bfromontjd,z1hi36J,0
802,dmacgilmartinje,QFUjaYKSsGtu,0
803,rdespenserjf,g9Rj5W9I,0
804,lhaggardjg,3PSfndrB1,0
805,dpankettmanjh,2WMSvCMY,0
806,lstpierreji,BuxhKJ,0
807,mkynderjj,3CMvObUN,0
808,gkanzlerjk,VdaS8RT,0
809,widelljl,FDd2kuP,0
810,mswindenjm,VLi8Lqmj29xp,0
811,rroycraftjn,6Imf5DXnI,0
812,gmeneghellijo,CF0ImSGkRQ4,0
813,bcranstonejp,eJvo7OX,0
814,bgoldsjq,m4ApntfQ,0
815,mpostinjr,cyQEayRB,0
816,rwestonjs,MifUw8TDGkqF,0
817,pgettenjt,uOme2iyTF,0
818,brobicju,GWLtfvPa7bo,0
819,bamirandajv,x8fB2h,0
820,slouchjw,2yszEE,0
821,sfliggjx,OpMbmu,0
822,torromjy,wVHm49cQTy,0
823,ttryjz,ADTfPFHY6,0
824,wsunshinek0,x1C5x4fsg,0
825,schattockk1,hrHbVNMxRa,0
826,jwoodfieldk2,bmCPXr,0
827,rgaspardk3,5XPfC3gyKef,0
828,jhuggettk4,61SvrW,0
829,wcaurahk5,HUF9rtyx1r,0
830,tfarrallk6,To3NWRT,0
831,knisuisk7,6UBHaVRy,0
832,claxstonk8,POeO9Hgd,0
833,aricketsk9,8o00jBRcfsJ,0
834,tlhommeka,uwSk8ZQ,0
835,nscoblekb,K5WdQUl7qp4I,0
836,gthodaykc,rgonDzKjN3y,0
837,vpoulneykd,c06jST,0
838,ssleichtke,qQaJ9dh,0
839,mphelpskf,IidnTEg12t,0
840,dreankg,QjmLhKj,0
841,mletchkh,cQ8DLihjEHQ,0
842,clamymanki,iQsyGU,0
843,ltouhigkj,AknowvmG,0
844,gskipkk,ciScwUF6rr,0
845,mheineckekl,HmSBH42,0
846,ctopazkm,5wyRCEaS,0
847,jlackykn,7SO7MDv0wW,0
848,craddenburyko,V5dMxqGugc,0
849,bgillibrandkp,kEIgXE,0
850,thenrietkq,IVqhknso4K6,0
851,ajanckr,qNxAwRk,0
852,hboomks,1KDOPM,0
853,ckermodekt,85RqOA1i4,0
854,klenihanku,WlFRmKuQ6,0
855,asewardskv,O9BjYD4a,0
856,kgoozeekw,6HTBxXLuvPm,0
857,nmcelmurraykx,fpSEfobDw,0
858,nseelbachky,yL9qK9L4c3,0
859,pyabsleykz,UseQSQc8oN6z,0
860,mdaniellil0,bEnOyGqljjdu,0
861,bfailll1,ZJva2B3Cfm,0
862,apersencel2,MiOIWO,0
863,mjehaesl3,RCqFcceFoz,0
864,lpatel4,n3RZXfBK,0
865,gocorranel5,L3HwYzNhF0,0
866,etreadwelll6,ggdtKmZ,0
867,mgrzelakl7,q1p5iyXHt,0
868,cburgonl8,bVZ4gllniG,0
869,edantonil9,vub0GL,0
870,jmatterfacela,WyU68NV,0
871,adriverslb,yOLcVKbXN67v,0
872,rgydelc,B0KFE7K,0
873,bmarwoodld,D247UvvrV,0
874,tklimentyonokle,hTRHbdhVpu,0
875,mchapmanlf,dVjVW1HsJP4,0
876,sphilpotlg,BiP0o7A,0
877,rstinsonlh,Mnhqh7h,0
878,dorrinli,yGUFhKEI,0
879,mpittendreighlj,wKNcaMgzD,0
880,gbarefordlk,S9JiPFa,0
881,ltinseyll,ctkFVXTCFA,0
882,bdulylm,hZEYj838G,0
883,dcreberln,dnHR3UrP,0
884,flidgeylo,xfXa7G,0
885,ccreeslp,GjivkKH,0
886,mmurleylq,m4KE7fug,0
887,fmonkemanlr,vids3Bid87z,0
888,aandresls,2fWhqE,0
889,eheiniglt,CYdvPB4V94,0
890,zlarkcumlu,uwkhSrQvp5si,0
891,bharmstonelv,8HVrjB8,0
892,gcooplandlw,TZKw4x3I,0
893,jdrinkalllx,fT6Xb99RaG7,0
894,schrystiely,PJcWDNhkKc8J,0
895,hgiraudatlz,CLrJh4aGRA,0
896,cyashanovm0,mhHjRT,0
897,hdelaspeem1,oE6oUQOWcgu7,0
898,dedglerm2,70N3JJLEhS,0
899,oeynaldm3,kk1Brl7CmbgT,0
900,rshovelinm4,IeK83bTOS,0
901,dbolsoverm5,CYzGns,0
902,jbloodm6,RLOItnV8Aq,0
903,tspeechleym7,jg7PAPWuY,0
904,rbeckem8,Mj5W1T5dS,0
905,bsiddeleym9,3k4KgaN2I,0
906,wdederickma,rPjVuvUfc,0
907,mgrigoliismb,Lv8gXdcu4in,0
908,fellikermc,f0Ew04Y,0
909,mbastiemd,iquTpGyFC,0
910,jtofftsme,c7q9gLIJBY,0
911,gcrickmoremf,iimN8hU,0
912,kescreetmg,QODXKEffEdG,0
913,sokennedymh,Z1UC13E,0
914,pbutchermi,BYBeOVT,0
915,emacdiarmondmj,zDZZqJ,0
916,jleftleymk,mX4MwwZ,0
917,shansburyml,wlPCauahQQ,0
918,lmaccaullmm,OMgPRbfFAJq,0
919,tleedsmn,biBQgiZcZ,0
920,kilyushkinmo,ap9hooN8Z,0
921,rgrahamslawmp,5Sr7Hi,0
922,ckeninghammq,pgBJbpiPDm3,0
923,sdufaurmr,flAiDLb,0
924,zjonkms,A61omSplq,0
925,imathewmt,AtCFTKl,0
926,sblackleechmu,94x87tZx,0
927,lmitfordmv,KuOKhIZMC,0
928,sduftonmw,ozAvxxAJl,0
929,gmandrymx,zIOQC4BO,0
930,wgoubliermy,IjbWNB,0
931,drobbemz,xqve07Ted,0
932,cbruggenn0,Rjq4l3tFJe,0
933,yhallsworthn1,WWeyQDFYOI,0
934,dprobyn2,5O5t2ECh,0
935,pslowleyn3,C1oiWDw,0
936,jfosseyn4,6mhIgyE,0
937,gfidaln5,sVRTpL,0
938,krollsn6,l7ml9V,0
939,bcowdenn7,8Dk2vHfKEl,0
940,avollamn8,ILXQZBxm9,0
941,bbreadonn9,8bHlCXI97g,0
942,sslinena,x2xq1P10nw4H,0
943,dmccarrellnb,DRmkHpNBuT,0
944,nbugdennc,AzbqGE6,0
945,bclaridgend,JauIHo,0
946,pgergelyne,c8clCDmr,0
947,hcorpenf,9oWtzipz,0
948,larpurng,6ZiAVOG,0
949,ndimeonh,Pb7mzuOpp,0
950,dtarbinni,lgxoHnebY40,0
951,dconiamnj,wyL9jq8TVoG,0
952,erichardotnk,KSAGjHC4RT,0
953,tmcbethnl,95vxlZAgeDI,0
954,imumbeynm,xYlAI53HbO,0
955,cpiaggiann,4w3wVGmcHH,0
956,elearmondno,pj1ZKq,0
957,vwindridgenp,a7aDlks,0
958,ngaukrodgenq,s5SBRI,0
959,fpunyernr,5lJfwi1ilo,0
960,gskelcherns,PcxU79jR0y,0
961,dshinnernt,KbwA52g2,0
962,vfullowaynu,Y4HCWKpS5w,0
963,gknuttonnv,baeKhSYVn,0
964,cmeighnw,Whue5llB0vG,0
965,asurmeirnx,OxLkoER80i,0
966,ksimmansny,Ojt7ubqz2kjz,0
967,jpierrinz,2R8x2HP4VCK7,0
968,wgoldeno0,MMBepjCwb,0
969,bkenyono1,7IWEN9bL1,0
970,jedgehillo2,9JBhTa8INXU,0
971,sclemensono3,zpzhfXsMQGQS,0
972,kspurwayo4,OeGXgq,0
973,spattisono5,Yk79f1wPsogU,0
974,aivanikhino6,htHpd1KiVAqM,0
975,jmatteolio7,5EYrdPM,0
976,grichardeauo8,F5ov6jaTk4ZV,0
977,aseabourneo9,8Wcfhop,0
978,drowatoa,nqkbxvHf5,0
979,cpateob,xv5GmcyH,0
980,croswarnoc,vcJ8Oq26vo,0
981,kfeldonod,qj4ukiAd5,0
982,scambdenoe,w3AI0oO1Q085,0
983,sgoughof,7ObMGyiJSVG,0
984,bmcmeartyog,kyun7IwNB8n,0
985,ofoaleoh,PmAJD4Hm0hMq,0
986,fbraistedoi,nARxAdF,0
987,rmitskevichoj,IJKYZ6Drz6cU,0
988,vmcgillecoleok,aqAHdsM8,0
989,itaylorsonol,r8BgFR,0
990,lbruhkeom,RIu4aSvzWoh,0
991,tcoverton,hEZRne,0
992,dgrellieroo,IwPRRSZq,0
993,lexallop,wEIhci,0
994,mstirmanoq,y7RoKavosT,0
995,ddirkinor,NwXYPBDBL,0
996,jsiemensos,r6yViW,0
997,afazakerleyot,2JBXRBLO,0
998,bjeanou,rbNAI45lLqNZ,0
999,acarnegieov,aa9VOvzAXhg,0
1000,rpuncherow,YfJR72pNn,0
1001,mmedmoreox,5ISLtfw,0
1002,aharriganoy,s9AN5P1TH,0
1003,foenoz,dsFNFp0RyY,0
1004,hislipp0,tSI8FQb,0
1005,rcaldicotp1,CIH4I51g,0
1006,njumpp2,CZIDcFt9,0
1007,rkeepinp3,ldP06m28zE7k,0
1008,nnobesp4,GpsExkP,0
1009,pmcmackinp5,CAUdSw,0
1010,ebaigentp6,RCtFpXtBAC,0
1011,gmandersonp7,jiDEL2N,0
1012,bcastagnep8,JRqRryVfC,0
1013,aauberyp9,XU7j6d0E,0
1014,astrephanpa,w4n5YFUYJMd3,0
1015,bculveypb,8IDJxr,0
1016,dmaberleypc,6g3pPwH,0
1017,jsertinpd,Urnvl3,0
1018,wdoutype,UkjbTPm,0
1019,tthornallypf,CUBKaEGVH1,0
1020,npetegrepg,p9xrFg,0
1021,mdewerph,S90V8rWJGk,0
1022,fgwilliamspi,4CySx16,0
1023,sdukepj,Z7mjs9k2M9P,0
1024,cpenkepk,4ao1s0,0
1025,sdecarolispl,Tk0FKOQ,0
1026,eiwanczykpm,2BydK1e61Hg,0
1027,ktimbrellpn,29ntgvsbsM,0
1028,alashfordpo,FDIgXYB81o,0
1029,qhawlerpp,RVZUWJTD,0
1030,cclementpq,m45OGWN,0
1031,cquinellpr,Li5RWx3,0
1032,abowtonps,DbA1Ad,0
1033,pspacypt,9o8ndjmsb,0
1034,bpitherpu,GKsge5epF1w,0
1035,apuddefootpv,Fkc0KLftvl,0
1036,ksharkpw,mfCGQw78Q6E7,0
1037,hvardonpx,CPhOdccD,0
1038,ecarnepy,i52cpi,0
1039,bwiltsherpz,RLZr0TGhi,0
1040,bettritchq0,Hiyux7DQNv62,0
1041,stupperq1,MeWIw6EOw96R,0
1042,cximenezq2,aEqtmoMBeRed,0
1043,hvoglq3,oHQFT5,0
1044,svenessq4,nisiQ42udfN,0
1045,upeddieq5,eAu5AbJz,0
1046,epurserq6,tSksmpUwk,0
1047,amaltbyq7,cfdt2XmloI,0
1048,fvarleyq8,mjStNLfJZwj,0
1049,cemslieq9,5XiDC0,0
1050,hhaetqa,Urr3faeO,0
1051,mbenitqb,SwxM8Ibk4J,0
1052,ghartzenbergqc,bgW9bX,0
1053,aknappeqd,jHEm48,0
1054,ahekqe,qCozEkfFI,0
1055,bgreenanqf,cchrpqKOOz,0
1056,vnewnsqg,z8vom0,0
1057,klowlessqh,KgwCpqmrq0G,0
1058,hebbinqi,a3FvP8Bu,0
1059,chingqj,VMOZWPE,0
1060,cmarrittqk,zM3Mqt9r,0
1061,wianinottiql,m0QxiPsmrMXA,0
1062,rmcalarneyqm,qLAvAFCAL2jp,0
1063,wallsuppqn,pZ1scQxR,0
1064,ncharkerqo,YpgUOxInfcrt,0
1065,kgiurioqp,VsDMnfyp,0
1066,bthurstanceqq,uPFsMvEiNW,0
1067,rmajorqr,anP9ScJZ7oBf,0
1068,jmatschekqs,3xHIUfLos,0
1069,kabbotsonqt,lGjIjzpKbg,0
1070,cizchakiqu,5JPq1uOCr7,0
1071,lwabbqv,8hVauA,0
1072,bregglarqw,fExwOVJUML6,0
1073,jfintophqx,AwiYUXyhtMR,0
1074,yresdaleqy,l4GVfMO0kGH9,0
1075,dgrumellqz,92juPrxG,0
1076,chextr0,KtHPHXoArR,0
1077,jtozerr1,CVdfrHhMzH,0
1078,dfarriesr2,23lmh0oWpi,0
1079,asatchellr3,DZvdIASvqRbv,0
1080,tbosquetr4,3Q8GhHa6vM,0
1081,jcalderar5,QkBmrcEeU,0
1082,lcaudler6,arQzlEXEI,0
1083,bgearyr7,Jte8gLgYR,0
1084,egherardescir8,s3I7JuUB0,0
1085,hhurseyr9,p5fEPxGzz13g,0
1086,hmarklowra,bvVdvISogjWx,0
1087,gtwycrossrb,7WGan6bH3U,0
1088,wstampsrc,N4xA65lq,0
1089,gatheyrd,FkIKJmii,0
1090,mscotchforthre,c5izzDbJUGe,0
1091,akeeblerf,3yWdphg9,0
1092,gabernethyrg,zv9a1Wnj,0
1093,clippittrh,C1kadNaBPNj,0
1094,jhurtadori,YtLv0XcGX4,0
1095,gpurplerj,Dm2nYMuj,0
1096,ktatlowrk,jEnrAgwJX,0
1097,wballsdonrl,C5b69wBP6m,0
1098,kburrowrm,TBo6RPVHKxIy,0
1099,ekegginsrn,UsithHC,0
1100,hhatchmanro,VxyT2C,0
1101,mmidlarrp,n0i0ii,0
1102,cmccurryrq,25JN0vNVwh,0
1103,cdibbertrr,8K9LSXk,0
